committee_name,election_cycle,count,party
ACTBLUE,2016,1609,Democrat
ACTBLUE,2018,1609,Democrat
ACTBLUE,2020,1609,Democrat
ACTBLUE,2022,1609,Democrat
ACTBLUE,2024,1609,Democrat
WINRED,2016,337,Republican
WINRED,2018,337,Republican
WINRED,2020,337,Republican
WINRED,2022,337,Republican
WINRED,2024,337,Republican
HARRIS FOR PRESIDENT,2016,91,Democrat
HARRIS FOR PRESIDENT,2018,91,Democrat
HARRIS FOR PRESIDENT,2020,91,Democrat
HARRIS FOR PRESIDENT,2022,91,Democrat
HARRIS FOR PRESIDENT,2024,91,Democrat
BIDEN FOR PRESIDENT,2016,83,Democrat
BIDEN FOR PRESIDENT,2018,83,Democrat
BIDEN FOR PRESIDENT,2020,83,Democrat
BIDEN FOR PRESIDENT,2022,83,Democrat
BIDEN FOR PRESIDENT,2024,83,Democrat
HILLARY FOR AMERICA,2016,70,Democrat
HILLARY FOR AMERICA,2018,70,Democrat
HILLARY FOR AMERICA,2020,70,Democrat
HILLARY FOR AMERICA,2022,70,Democrat
HILLARY FOR AMERICA,2024,70,Democrat
ALSOBROOKS FOR SENATE,2016,50,Democrat
ALSOBROOKS FOR SENATE,2018,50,Democrat
ALSOBROOKS FOR SENATE,2020,50,Democrat
ALSOBROOKS FOR SENATE,2022,50,Democrat
ALSOBROOKS FOR SENATE,2024,50,Democrat
DCCC,2016,48,Democrat
DCCC,2018,48,Democrat
DCCC,2020,48,Democrat
DCCC,2022,48,Democrat
DCCC,2024,48,Democrat
"DONALD J. TRUMP FOR PRESIDENT, INC.",2016,39,Republican
"DONALD J. TRUMP FOR PRESIDENT, INC.",2018,39,Republican
"DONALD J. TRUMP FOR PRESIDENT, INC.",2020,39,Republican
"DONALD J. TRUMP FOR PRESIDENT, INC.",2022,39,Republican
"DONALD J. TRUMP FOR PRESIDENT, INC.",2024,39,Republican
DSCC,2016,39,Democrat
DSCC,2018,39,Democrat
DSCC,2020,39,Democrat
DSCC,2022,39,Democrat
DSCC,2024,39,Democrat
HARRIS VICTORY FUND,2016,36,Democrat
HARRIS VICTORY FUND,2018,36,Democrat
HARRIS VICTORY FUND,2020,36,Democrat
HARRIS VICTORY FUND,2022,36,Democrat
HARRIS VICTORY FUND,2024,36,Democrat
WARNOCK FOR GEORGIA,2016,36,Democrat
WARNOCK FOR GEORGIA,2018,36,Democrat
WARNOCK FOR GEORGIA,2020,36,Democrat
WARNOCK FOR GEORGIA,2022,36,Democrat
WARNOCK FOR GEORGIA,2024,36,Democrat
TRUMP MAKE AMERICA GREAT AGAIN COMMITTEE,2016,26,Republican
TRUMP MAKE AMERICA GREAT AGAIN COMMITTEE,2018,26,Republican
TRUMP MAKE AMERICA GREAT AGAIN COMMITTEE,2020,26,Republican
TRUMP MAKE AMERICA GREAT AGAIN COMMITTEE,2022,26,Republican
TRUMP MAKE AMERICA GREAT AGAIN COMMITTEE,2024,26,Republican
REPUBLICAN NATIONAL COMMITTEE,2016,25,Republican
REPUBLICAN NATIONAL COMMITTEE,2018,25,Republican
REPUBLICAN NATIONAL COMMITTEE,2020,25,Republican
REPUBLICAN NATIONAL COMMITTEE,2022,25,Republican
REPUBLICAN NATIONAL COMMITTEE,2024,25,Republican
DNC SERVICES CORP / DEMOCRATIC NATIONAL COMMITTEE,2016,22,Democrat
DNC SERVICES CORP / DEMOCRATIC NATIONAL COMMITTEE,2018,22,Democrat
DNC SERVICES CORP / DEMOCRATIC NATIONAL COMMITTEE,2020,22,Democrat
DNC SERVICES CORP / DEMOCRATIC NATIONAL COMMITTEE,2022,22,Democrat
DNC SERVICES CORP / DEMOCRATIC NATIONAL COMMITTEE,2024,22,Democrat
"NEVER SURRENDER, INC.",2016,22,Republican
"NEVER SURRENDER, INC.",2018,22,Republican
"NEVER SURRENDER, INC.",2020,22,Republican
"NEVER SURRENDER, INC.",2022,22,Republican
"NEVER SURRENDER, INC.",2024,22,Republican
"TRUMP NATIONAL COMMITTEE JFC, INC.",2016,14,Republican
"TRUMP NATIONAL COMMITTEE JFC, INC.",2018,14,Republican
"TRUMP NATIONAL COMMITTEE JFC, INC.",2020,14,Republican
"TRUMP NATIONAL COMMITTEE JFC, INC.",2022,14,Republican
"TRUMP NATIONAL COMMITTEE JFC, INC.",2024,14,Republican
BIDEN VICTORY FUND,2016,12,Democrat
BIDEN VICTORY FUND,2018,12,Democrat
BIDEN VICTORY FUND,2020,12,Democrat
BIDEN VICTORY FUND,2022,12,Democrat
BIDEN VICTORY FUND,2024,12,Democrat
MOVEON.ORG POLITICAL ACTION,2016,12,Democrat
MOVEON.ORG POLITICAL ACTION,2018,12,Democrat
MOVEON.ORG POLITICAL ACTION,2020,12,Democrat
MOVEON.ORG POLITICAL ACTION,2022,12,Democrat
MOVEON.ORG POLITICAL ACTION,2024,12,Democrat
HILLARY VICTORY FUND,2016,11,Democrat
HILLARY VICTORY FUND,2018,11,Democrat
HILLARY VICTORY FUND,2020,11,Democrat
HILLARY VICTORY FUND,2022,11,Democrat
HILLARY VICTORY FUND,2024,11,Democrat
NRSC,2016,11,Republican
NRSC,2018,11,Republican
NRSC,2020,11,Republican
NRSC,2022,11,Republican
NRSC,2024,11,Republican
SUZAN JOHNSON COOK FOR CONGRESS,2016,11,Democrat
SUZAN JOHNSON COOK FOR CONGRESS,2018,11,Democrat
SUZAN JOHNSON COOK FOR CONGRESS,2020,11,Democrat
SUZAN JOHNSON COOK FOR CONGRESS,2022,11,Democrat
SUZAN JOHNSON COOK FOR CONGRESS,2024,11,Democrat
"TERENCE GRAY FOR CONGRESS, INC.",2016,11,Democrat
"TERENCE GRAY FOR CONGRESS, INC.",2018,11,Democrat
"TERENCE GRAY FOR CONGRESS, INC.",2020,11,Democrat
"TERENCE GRAY FOR CONGRESS, INC.",2022,11,Democrat
"TERENCE GRAY FOR CONGRESS, INC.",2024,11,Democrat
DNC SERVICES CORP./DEM. NAT'L COMMITTEE,2016,10,Democrat
DNC SERVICES CORP./DEM. NAT'L COMMITTEE,2018,10,Democrat
DNC SERVICES CORP./DEM. NAT'L COMMITTEE,2020,10,Democrat
DNC SERVICES CORP./DEM. NAT'L COMMITTEE,2022,10,Democrat
DNC SERVICES CORP./DEM. NAT'L COMMITTEE,2024,10,Democrat
EMILY'S LIST,2016,10,Democrat
EMILY'S LIST,2018,10,Democrat
EMILY'S LIST,2020,10,Democrat
EMILY'S LIST,2022,10,Democrat
EMILY'S LIST,2024,10,Democrat
JAMIE RASKIN FOR CONGRESS,2016,9,Democrat
JAMIE RASKIN FOR CONGRESS,2018,9,Democrat
JAMIE RASKIN FOR CONGRESS,2020,9,Democrat
JAMIE RASKIN FOR CONGRESS,2022,9,Democrat
JAMIE RASKIN FOR CONGRESS,2024,9,Democrat
"WARREN FOR PRESIDENT, INC.",2016,9,Democrat
"WARREN FOR PRESIDENT, INC.",2018,9,Democrat
"WARREN FOR PRESIDENT, INC.",2020,9,Democrat
"WARREN FOR PRESIDENT, INC.",2022,9,Democrat
"WARREN FOR PRESIDENT, INC.",2024,9,Democrat
ALSOBROOKS VICTORY FUND,2016,8,Democrat
ALSOBROOKS VICTORY FUND,2018,8,Democrat
ALSOBROOKS VICTORY FUND,2020,8,Democrat
ALSOBROOKS VICTORY FUND,2022,8,Democrat
ALSOBROOKS VICTORY FUND,2024,8,Democrat
MAKE AMERICA GREAT AGAIN PAC,2016,8,Republican
MAKE AMERICA GREAT AGAIN PAC,2018,8,Republican
MAKE AMERICA GREAT AGAIN PAC,2020,8,Republican
MAKE AMERICA GREAT AGAIN PAC,2022,8,Republican
MAKE AMERICA GREAT AGAIN PAC,2024,8,Republican
NRCC,2016,8,Republican
NRCC,2018,8,Republican
NRCC,2020,8,Republican
NRCC,2022,8,Republican
NRCC,2024,8,Republican
SAVE AMERICA,2016,8,Republican
SAVE AMERICA,2018,8,Republican
SAVE AMERICA,2020,8,Republican
SAVE AMERICA,2022,8,Republican
SAVE AMERICA,2024,8,Republican
WIN THE ERA PAC,2016,8,Democrat
WIN THE ERA PAC,2018,8,Democrat
WIN THE ERA PAC,2020,8,Democrat
WIN THE ERA PAC,2022,8,Democrat
WIN THE ERA PAC,2024,8,Democrat
DEMOCRATIC ACTION,2016,7,Democrat
DEMOCRATIC ACTION,2018,7,Democrat
DEMOCRATIC ACTION,2020,7,Democrat
DEMOCRATIC ACTION,2022,7,Democrat
DEMOCRATIC ACTION,2024,7,Democrat
DONNA EDWARDS FOR SENATE,2016,7,Democrat
DONNA EDWARDS FOR SENATE,2018,7,Democrat
DONNA EDWARDS FOR SENATE,2020,7,Democrat
DONNA EDWARDS FOR SENATE,2022,7,Democrat
DONNA EDWARDS FOR SENATE,2024,7,Democrat
PARROTT FOR CONGRESS,2016,7,Republican
PARROTT FOR CONGRESS,2018,7,Republican
PARROTT FOR CONGRESS,2020,7,Republican
PARROTT FOR CONGRESS,2022,7,Republican
PARROTT FOR CONGRESS,2024,7,Republican
"AMY MCGRATH FOR SENATE, INC.",2016,6,Democrat
"AMY MCGRATH FOR SENATE, INC.",2018,6,Democrat
"AMY MCGRATH FOR SENATE, INC.",2020,6,Democrat
"AMY MCGRATH FOR SENATE, INC.",2022,6,Democrat
"AMY MCGRATH FOR SENATE, INC.",2024,6,Democrat
FRIENDS OF SHERROD BROWN,2016,6,Democrat
FRIENDS OF SHERROD BROWN,2018,6,Democrat
FRIENDS OF SHERROD BROWN,2020,6,Democrat
FRIENDS OF SHERROD BROWN,2022,6,Democrat
FRIENDS OF SHERROD BROWN,2024,6,Democrat
JAIME HARRISON FOR US SENATE,2016,6,Democrat
JAIME HARRISON FOR US SENATE,2018,6,Democrat
JAIME HARRISON FOR US SENATE,2020,6,Democrat
JAIME HARRISON FOR US SENATE,2022,6,Democrat
JAIME HARRISON FOR US SENATE,2024,6,Democrat
VAN HOLLEN FOR SENATE,2016,6,Democrat
VAN HOLLEN FOR SENATE,2018,6,Democrat
VAN HOLLEN FOR SENATE,2020,6,Democrat
VAN HOLLEN FOR SENATE,2022,6,Democrat
VAN HOLLEN FOR SENATE,2024,6,Democrat
BERNIE 2016,2016,5,Democrat
BERNIE 2016,2018,5,Democrat
BERNIE 2016,2020,5,Democrat
BERNIE 2016,2022,5,Democrat
BERNIE 2016,2024,5,Democrat
CRUZ FOR PRESIDENT,2016,5,Republican
CRUZ FOR PRESIDENT,2018,5,Republican
CRUZ FOR PRESIDENT,2020,5,Republican
CRUZ FOR PRESIDENT,2022,5,Republican
CRUZ FOR PRESIDENT,2024,5,Republican
IT STARTS TODAY,2016,5,Democrat
IT STARTS TODAY,2018,5,Democrat
IT STARTS TODAY,2020,5,Democrat
IT STARTS TODAY,2022,5,Democrat
IT STARTS TODAY,2024,5,Democrat
JON OSSOFF FOR SENATE,2016,5,Democrat
JON OSSOFF FOR SENATE,2018,5,Democrat
JON OSSOFF FOR SENATE,2020,5,Democrat
JON OSSOFF FOR SENATE,2022,5,Democrat
JON OSSOFF FOR SENATE,2024,5,Democrat
NIKKI HALEY FOR PRESIDENT INC.,2016,5,Republican
NIKKI HALEY FOR PRESIDENT INC.,2018,5,Republican
NIKKI HALEY FOR PRESIDENT INC.,2020,5,Republican
NIKKI HALEY FOR PRESIDENT INC.,2022,5,Republican
NIKKI HALEY FOR PRESIDENT INC.,2024,5,Republican
SENATE CONSERVATIVES FUND,2016,5,Republican
SENATE CONSERVATIVES FUND,2018,5,Republican
SENATE CONSERVATIVES FUND,2020,5,Republican
SENATE CONSERVATIVES FUND,2022,5,Republican
SENATE CONSERVATIVES FUND,2024,5,Republican
SWING LEFT,2016,5,Democrat
SWING LEFT,2018,5,Democrat
SWING LEFT,2020,5,Democrat
SWING LEFT,2022,5,Democrat
SWING LEFT,2024,5,Democrat
TRUMP SAVE AMERICA JOINT FUNDRAISING COMMITTEE,2016,5,Republican
TRUMP SAVE AMERICA JOINT FUNDRAISING COMMITTEE,2018,5,Republican
TRUMP SAVE AMERICA JOINT FUNDRAISING COMMITTEE,2020,5,Republican
TRUMP SAVE AMERICA JOINT FUNDRAISING COMMITTEE,2022,5,Republican
TRUMP SAVE AMERICA JOINT FUNDRAISING COMMITTEE,2024,5,Republican
CHERI BEASLEY FOR NORTH CAROLINA,2016,4,Democrat
CHERI BEASLEY FOR NORTH CAROLINA,2018,4,Democrat
CHERI BEASLEY FOR NORTH CAROLINA,2020,4,Democrat
CHERI BEASLEY FOR NORTH CAROLINA,2022,4,Democrat
CHERI BEASLEY FOR NORTH CAROLINA,2024,4,Democrat
DEMOCRATIC STATE CENTRAL COMMITTEE OF MARYLAND,2016,4,Democrat
DEMOCRATIC STATE CENTRAL COMMITTEE OF MARYLAND,2018,4,Democrat
DEMOCRATIC STATE CENTRAL COMMITTEE OF MARYLAND,2020,4,Democrat
DEMOCRATIC STATE CENTRAL COMMITTEE OF MARYLAND,2022,4,Democrat
DEMOCRATIC STATE CENTRAL COMMITTEE OF MARYLAND,2024,4,Democrat
EMILYS LIST,2016,4,Democrat
EMILYS LIST,2018,4,Democrat
EMILYS LIST,2020,4,Democrat
EMILYS LIST,2022,4,Democrat
EMILYS LIST,2024,4,Democrat
FETTERMAN FOR PA,2016,4,Democrat
FETTERMAN FOR PA,2018,4,Democrat
FETTERMAN FOR PA,2020,4,Democrat
FETTERMAN FOR PA,2022,4,Democrat
FETTERMAN FOR PA,2024,4,Democrat
NATIONAL DEMOCRATIC TRAINING COMMITTEE PAC,2016,4,Democrat
NATIONAL DEMOCRATIC TRAINING COMMITTEE PAC,2018,4,Democrat
NATIONAL DEMOCRATIC TRAINING COMMITTEE PAC,2020,4,Democrat
NATIONAL DEMOCRATIC TRAINING COMMITTEE PAC,2022,4,Democrat
NATIONAL DEMOCRATIC TRAINING COMMITTEE PAC,2024,4,Democrat
PROGRESSIVE TURNOUT PROJECT,2016,4,Democrat
PROGRESSIVE TURNOUT PROJECT,2018,4,Democrat
PROGRESSIVE TURNOUT PROJECT,2020,4,Democrat
PROGRESSIVE TURNOUT PROJECT,2022,4,Democrat
PROGRESSIVE TURNOUT PROJECT,2024,4,Democrat
SCALISE FOR CONGRESS,2016,4,Republican
SCALISE FOR CONGRESS,2018,4,Republican
SCALISE FOR CONGRESS,2020,4,Republican
SCALISE FOR CONGRESS,2022,4,Republican
SCALISE FOR CONGRESS,2024,4,Republican
SMP,2016,4,Democrat
SMP,2018,4,Democrat
SMP,2020,4,Democrat
SMP,2022,4,Democrat
SMP,2024,4,Democrat
THE LINCOLN PROJECT,2016,4,Republican
THE LINCOLN PROJECT,2018,4,Republican
THE LINCOLN PROJECT,2020,4,Republican
THE LINCOLN PROJECT,2022,4,Republican
THE LINCOLN PROJECT,2024,4,Republican
TIM RYAN FOR OHIO,2016,4,Democrat
TIM RYAN FOR OHIO,2018,4,Democrat
TIM RYAN FOR OHIO,2020,4,Democrat
TIM RYAN FOR OHIO,2022,4,Democrat
TIM RYAN FOR OHIO,2024,4,Democrat
VAL DEMINGS FOR U.S. SENATE,2016,4,Democrat
VAL DEMINGS FOR U.S. SENATE,2018,4,Democrat
VAL DEMINGS FOR U.S. SENATE,2020,4,Democrat
VAL DEMINGS FOR U.S. SENATE,2022,4,Democrat
VAL DEMINGS FOR U.S. SENATE,2024,4,Democrat
WARNOCK VICTORY FUND,2016,4,Democrat
WARNOCK VICTORY FUND,2018,4,Democrat
WARNOCK VICTORY FUND,2020,4,Democrat
WARNOCK VICTORY FUND,2022,4,Democrat
WARNOCK VICTORY FUND,2024,4,Democrat
AUDREY DENNEY FOR CONGRESS,2016,3,Democrat
AUDREY DENNEY FOR CONGRESS,2018,3,Democrat
AUDREY DENNEY FOR CONGRESS,2020,3,Democrat
AUDREY DENNEY FOR CONGRESS,2022,3,Democrat
AUDREY DENNEY FOR CONGRESS,2024,3,Democrat
CARSON AMERICA,2016,3,Republican
CARSON AMERICA,2018,3,Republican
CARSON AMERICA,2020,3,Republican
CARSON AMERICA,2022,3,Republican
CARSON AMERICA,2024,3,Republican
CHC BOLD PAC,2016,3,Democrat
CHC BOLD PAC,2018,3,Democrat
CHC BOLD PAC,2020,3,Democrat
CHC BOLD PAC,2022,3,Democrat
CHC BOLD PAC,2024,3,Democrat
COLIN ALLRED FOR SENATE,2016,3,Democrat
COLIN ALLRED FOR SENATE,2018,3,Democrat
COLIN ALLRED FOR SENATE,2020,3,Democrat
COLIN ALLRED FOR SENATE,2022,3,Democrat
COLIN ALLRED FOR SENATE,2024,3,Democrat
CORY BOOKER FOR SENATE,2016,3,Democrat
CORY BOOKER FOR SENATE,2018,3,Democrat
CORY BOOKER FOR SENATE,2020,3,Democrat
CORY BOOKER FOR SENATE,2022,3,Democrat
CORY BOOKER FOR SENATE,2024,3,Democrat
DITCH FUND,2016,3,Democrat
DITCH FUND,2018,3,Democrat
DITCH FUND,2020,3,Democrat
DITCH FUND,2022,3,Democrat
DITCH FUND,2024,3,Democrat
DOUG JONES FOR SENATE COMMITTEE,2016,3,Democrat
DOUG JONES FOR SENATE COMMITTEE,2018,3,Democrat
DOUG JONES FOR SENATE COMMITTEE,2020,3,Democrat
DOUG JONES FOR SENATE COMMITTEE,2022,3,Democrat
DOUG JONES FOR SENATE COMMITTEE,2024,3,Democrat
ELECT DEMOCRATIC WOMEN,2016,3,Democrat
ELECT DEMOCRATIC WOMEN,2018,3,Democrat
ELECT DEMOCRATIC WOMEN,2020,3,Democrat
ELECT DEMOCRATIC WOMEN,2022,3,Democrat
ELECT DEMOCRATIC WOMEN,2024,3,Democrat
END CITIZENS UNITED,2016,3,Democrat
END CITIZENS UNITED,2018,3,Democrat
END CITIZENS UNITED,2020,3,Democrat
END CITIZENS UNITED,2022,3,Democrat
END CITIZENS UNITED,2024,3,Democrat
FAIR FIGHT,2016,3,Democrat
FAIR FIGHT,2018,3,Democrat
FAIR FIGHT,2020,3,Democrat
FAIR FIGHT,2022,3,Democrat
FAIR FIGHT,2024,3,Democrat
GEORGIANS FOR KELLY LOEFFLER,2016,3,Republican
GEORGIANS FOR KELLY LOEFFLER,2018,3,Republican
GEORGIANS FOR KELLY LOEFFLER,2020,3,Republican
GEORGIANS FOR KELLY LOEFFLER,2022,3,Republican
GEORGIANS FOR KELLY LOEFFLER,2024,3,Republican
HEATHER MIZEUR FOR CONGRESS,2016,3,Democrat
HEATHER MIZEUR FOR CONGRESS,2018,3,Democrat
HEATHER MIZEUR FOR CONGRESS,2020,3,Democrat
HEATHER MIZEUR FOR CONGRESS,2022,3,Democrat
HEATHER MIZEUR FOR CONGRESS,2024,3,Democrat
JEFFRIES FOR CONGRESS,2016,3,Democrat
JEFFRIES FOR CONGRESS,2018,3,Democrat
JEFFRIES FOR CONGRESS,2020,3,Democrat
JEFFRIES FOR CONGRESS,2022,3,Democrat
JEFFRIES FOR CONGRESS,2024,3,Democrat
JESSE COLVIN FOR CONGRESS,2016,3,Democrat
JESSE COLVIN FOR CONGRESS,2018,3,Democrat
JESSE COLVIN FOR CONGRESS,2020,3,Democrat
JESSE COLVIN FOR CONGRESS,2022,3,Democrat
JESSE COLVIN FOR CONGRESS,2024,3,Democrat
KEVIN JOHNSON FOR CONGRESS,2016,3,
KEVIN JOHNSON FOR CONGRESS,2018,3,
KEVIN JOHNSON FOR CONGRESS,2020,3,
KEVIN JOHNSON FOR CONGRESS,2022,3,
KEVIN JOHNSON FOR CONGRESS,2024,3,
KWEISI MFUME FOR CONGRESS,2016,3,
KWEISI MFUME FOR CONGRESS,2018,3,
KWEISI MFUME FOR CONGRESS,2020,3,
KWEISI MFUME FOR CONGRESS,2022,3,
KWEISI MFUME FOR CONGRESS,2024,3,
LEAGUE OF CONSERVATION VOTERS ACTION FUND,2016,3,
LEAGUE OF CONSERVATION VOTERS ACTION FUND,2018,3,
LEAGUE OF CONSERVATION VOTERS ACTION FUND,2020,3,
LEAGUE OF CONSERVATION VOTERS ACTION FUND,2022,3,
LEAGUE OF CONSERVATION VOTERS ACTION FUND,2024,3,
MOVEMENT VOTER PAC,2016,3,
MOVEMENT VOTER PAC,2018,3,
MOVEMENT VOTER PAC,2020,3,
MOVEMENT VOTER PAC,2022,3,
MOVEMENT VOTER PAC,2024,3,
NATIONAL VICTORY ACTION FUND,2016,3,
NATIONAL VICTORY ACTION FUND,2018,3,
NATIONAL VICTORY ACTION FUND,2020,3,
NATIONAL VICTORY ACTION FUND,2022,3,
NATIONAL VICTORY ACTION FUND,2024,3,
STOP THESE OPPRESSIVE PEOPLE: TYRANTS RACISTS UNQUALIFIEDS MISOGYNISTS PROPAGANDISTS (STOP TRUMP),2016,3,
STOP THESE OPPRESSIVE PEOPLE: TYRANTS RACISTS UNQUALIFIEDS MISOGYNISTS PROPAGANDISTS (STOP TRUMP),2018,3,
STOP THESE OPPRESSIVE PEOPLE: TYRANTS RACISTS UNQUALIFIEDS MISOGYNISTS PROPAGANDISTS (STOP TRUMP),2020,3,
STOP THESE OPPRESSIVE PEOPLE: TYRANTS RACISTS UNQUALIFIEDS MISOGYNISTS PROPAGANDISTS (STOP TRUMP),2022,3,
STOP THESE OPPRESSIVE PEOPLE: TYRANTS RACISTS UNQUALIFIEDS MISOGYNISTS PROPAGANDISTS (STOP TRUMP),2024,3,
TIM SCOTT FOR SENATE,2016,3,
TIM SCOTT FOR SENATE,2018,3,
TIM SCOTT FOR SENATE,2020,3,
TIM SCOTT FOR SENATE,2022,3,
TIM SCOTT FOR SENATE,2024,3,
WILL JAWANDO FOR CONGRESS,2016,3,
WILL JAWANDO FOR CONGRESS,2018,3,
WILL JAWANDO FOR CONGRESS,2020,3,
WILL JAWANDO FOR CONGRESS,2022,3,
WILL JAWANDO FOR CONGRESS,2024,3,
314 ACTION FUND,2016,2,
314 ACTION FUND,2018,2,
314 ACTION FUND,2020,2,
314 ACTION FUND,2022,2,
314 ACTION FUND,2024,2,
ABBY FOR IOWA,2016,2,
ABBY FOR IOWA,2018,2,
ABBY FOR IOWA,2020,2,
ABBY FOR IOWA,2022,2,
ABBY FOR IOWA,2024,2,
AIRCRAFT OWNERS AND PILOTS ASSOCIATION POLITICAL ACTION COMMITTEE,2016,2,
AIRCRAFT OWNERS AND PILOTS ASSOCIATION POLITICAL ACTION COMMITTEE,2018,2,
AIRCRAFT OWNERS AND PILOTS ASSOCIATION POLITICAL ACTION COMMITTEE,2020,2,
AIRCRAFT OWNERS AND PILOTS ASSOCIATION POLITICAL ACTION COMMITTEE,2022,2,
AIRCRAFT OWNERS AND PILOTS ASSOCIATION POLITICAL ACTION COMMITTEE,2024,2,
ALLISON FOR CONGRESS,2016,2,
ALLISON FOR CONGRESS,2018,2,
ALLISON FOR CONGRESS,2020,2,
ALLISON FOR CONGRESS,2022,2,
ALLISON FOR CONGRESS,2024,2,
AMERICANS FOR RESPONSIBLE SOLUTIONS-PAC,2016,2,
AMERICANS FOR RESPONSIBLE SOLUTIONS-PAC,2018,2,
AMERICANS FOR RESPONSIBLE SOLUTIONS-PAC,2020,2,
AMERICANS FOR RESPONSIBLE SOLUTIONS-PAC,2022,2,
AMERICANS FOR RESPONSIBLE SOLUTIONS-PAC,2024,2,
BERNIE 2020,2016,2,
BERNIE 2020,2018,2,
BERNIE 2020,2020,2,
BERNIE 2020,2022,2,
BERNIE 2020,2024,2,
BLACK CHURCH PAC,2016,2,
BLACK CHURCH PAC,2018,2,
BLACK CHURCH PAC,2020,2,
BLACK CHURCH PAC,2022,2,
BLACK CHURCH PAC,2024,2,
CORY 2020,2016,2,
CORY 2020,2018,2,
CORY 2020,2020,2,
CORY 2020,2022,2,
CORY 2020,2024,2,
CUMMINGS FOR CONGRESS CAMPAIGN COMMITTEE,2016,2,
CUMMINGS FOR CONGRESS CAMPAIGN COMMITTEE,2018,2,
CUMMINGS FOR CONGRESS CAMPAIGN COMMITTEE,2020,2,
CUMMINGS FOR CONGRESS CAMPAIGN COMMITTEE,2022,2,
CUMMINGS FOR CONGRESS CAMPAIGN COMMITTEE,2024,2,
"DEMOCRATIC VICTORY PAC, INC.",2016,2,
"DEMOCRATIC VICTORY PAC, INC.",2018,2,
"DEMOCRATIC VICTORY PAC, INC.",2020,2,
"DEMOCRATIC VICTORY PAC, INC.",2022,2,
"DEMOCRATIC VICTORY PAC, INC.",2024,2,
DONNA EDWARDS 4 CONGRESS,2016,2,
DONNA EDWARDS 4 CONGRESS,2018,2,
DONNA EDWARDS 4 CONGRESS,2020,2,
DONNA EDWARDS 4 CONGRESS,2022,2,
DONNA EDWARDS 4 CONGRESS,2024,2,
DSI,2016,2,
DSI,2018,2,
DSI,2020,2,
DSI,2022,2,
DSI,2024,2,
ELECT DIVERSE DEMOCRATS PAC,2016,2,
ELECT DIVERSE DEMOCRATS PAC,2018,2,
ELECT DIVERSE DEMOCRATS PAC,2020,2,
ELECT DIVERSE DEMOCRATS PAC,2022,2,
ELECT DIVERSE DEMOCRATS PAC,2024,2,
GLENN IVEY FOR CONGRESS,2016,2,
GLENN IVEY FOR CONGRESS,2018,2,
GLENN IVEY FOR CONGRESS,2020,2,
GLENN IVEY FOR CONGRESS,2022,2,
GLENN IVEY FOR CONGRESS,2024,2,
HILL HARPER FOR MICHIGAN,2016,2,
HILL HARPER FOR MICHIGAN,2018,2,
HILL HARPER FOR MICHIGAN,2020,2,
HILL HARPER FOR MICHIGAN,2022,2,
HILL HARPER FOR MICHIGAN,2024,2,
HOGAN FOR MARYLAND INC.,2016,2,
HOGAN FOR MARYLAND INC.,2018,2,
HOGAN FOR MARYLAND INC.,2020,2,
HOGAN FOR MARYLAND INC.,2022,2,
HOGAN FOR MARYLAND INC.,2024,2,
KAMALA HARRIS FOR THE PEOPLE,2016,2,
KAMALA HARRIS FOR THE PEOPLE,2018,2,
KAMALA HARRIS FOR THE PEOPLE,2020,2,
KAMALA HARRIS FOR THE PEOPLE,2022,2,
KAMALA HARRIS FOR THE PEOPLE,2024,2,
KASICH FOR AMERICA INC,2016,2,
KASICH FOR AMERICA INC,2018,2,
KASICH FOR AMERICA INC,2020,2,
KASICH FOR AMERICA INC,2022,2,
KASICH FOR AMERICA INC,2024,2,
MANDELA BARNES FOR WISCONSIN,2016,2,
MANDELA BARNES FOR WISCONSIN,2018,2,
MANDELA BARNES FOR WISCONSIN,2020,2,
MANDELA BARNES FOR WISCONSIN,2022,2,
MANDELA BARNES FOR WISCONSIN,2024,2,
MARCO RUBIO FOR PRESIDENT,2016,2,
MARCO RUBIO FOR PRESIDENT,2018,2,
MARCO RUBIO FOR PRESIDENT,2020,2,
MARCO RUBIO FOR PRESIDENT,2022,2,
MARCO RUBIO FOR PRESIDENT,2024,2,
MARIANNE WILLIAMSON FOR PRESIDENT,2016,2,
MARIANNE WILLIAMSON FOR PRESIDENT,2018,2,
MARIANNE WILLIAMSON FOR PRESIDENT,2020,2,
MARIANNE WILLIAMSON FOR PRESIDENT,2022,2,
MARIANNE WILLIAMSON FOR PRESIDENT,2024,2,
MARK KELLY FOR SENATE,2016,2,
MARK KELLY FOR SENATE,2018,2,
MARK KELLY FOR SENATE,2020,2,
MARK KELLY FOR SENATE,2022,2,
MARK KELLY FOR SENATE,2024,2,
MARYLAND REPUBLICAN STATE CENTRAL COMMITTEE,2016,2,
MARYLAND REPUBLICAN STATE CENTRAL COMMITTEE,2018,2,
MARYLAND REPUBLICAN STATE CENTRAL COMMITTEE,2020,2,
MARYLAND REPUBLICAN STATE CENTRAL COMMITTEE,2022,2,
MARYLAND REPUBLICAN STATE CENTRAL COMMITTEE,2024,2,
MAXWELL ALEJANDRO FROST FOR CONGRESS,2016,2,
MAXWELL ALEJANDRO FROST FOR CONGRESS,2018,2,
MAXWELL ALEJANDRO FROST FOR CONGRESS,2020,2,
MAXWELL ALEJANDRO FROST FOR CONGRESS,2022,2,
MAXWELL ALEJANDRO FROST FOR CONGRESS,2024,2,
MCCONNELL SENATE COMMITTEE,2016,2,
MCCONNELL SENATE COMMITTEE,2018,2,
MCCONNELL SENATE COMMITTEE,2020,2,
MCCONNELL SENATE COMMITTEE,2022,2,
MCCONNELL SENATE COMMITTEE,2024,2,
MIKE ESPY FOR SENATE CAMPAIGN COMMITTEE,2016,2,
MIKE ESPY FOR SENATE CAMPAIGN COMMITTEE,2018,2,
MIKE ESPY FOR SENATE CAMPAIGN COMMITTEE,2020,2,
MIKE ESPY FOR SENATE CAMPAIGN COMMITTEE,2022,2,
MIKE ESPY FOR SENATE CAMPAIGN COMMITTEE,2024,2,
MIKE ROGERS FOR CONGRESS,2016,2,
MIKE ROGERS FOR CONGRESS,2018,2,
MIKE ROGERS FOR CONGRESS,2020,2,
MIKE ROGERS FOR CONGRESS,2022,2,
MIKE ROGERS FOR CONGRESS,2024,2,
PAC TO THE FUTURE,2016,2,
PAC TO THE FUTURE,2018,2,
PAC TO THE FUTURE,2020,2,
PAC TO THE FUTURE,2022,2,
PAC TO THE FUTURE,2024,2,
RAND PAUL FOR US SENATE,2016,2,
RAND PAUL FOR US SENATE,2018,2,
RAND PAUL FOR US SENATE,2020,2,
RAND PAUL FOR US SENATE,2022,2,
RAND PAUL FOR US SENATE,2024,2,
"RYAN FOR CONGRESS, INC.",2016,2,
"RYAN FOR CONGRESS, INC.",2018,2,
"RYAN FOR CONGRESS, INC.",2020,2,
"RYAN FOR CONGRESS, INC.",2022,2,
"RYAN FOR CONGRESS, INC.",2024,2,
SARA GIDEON FOR MAINE,2016,2,
SARA GIDEON FOR MAINE,2018,2,
SARA GIDEON FOR MAINE,2020,2,
SARA GIDEON FOR MAINE,2022,2,
SARA GIDEON FOR MAINE,2024,2,
STOP REPUBLICANS,2016,2,
STOP REPUBLICANS,2018,2,
STOP REPUBLICANS,2020,2,
STOP REPUBLICANS,2022,2,
STOP REPUBLICANS,2024,2,
THE COMMITTEE TO DEFEND THE PRESIDENT,2016,2,
THE COMMITTEE TO DEFEND THE PRESIDENT,2018,2,
THE COMMITTEE TO DEFEND THE PRESIDENT,2020,2,
THE COMMITTEE TO DEFEND THE PRESIDENT,2022,2,
THE COMMITTEE TO DEFEND THE PRESIDENT,2024,2,
WILL JAWANDO FOR MARYLAND,2016,2,
WILL JAWANDO FOR MARYLAND,2018,2,
WILL JAWANDO FOR MARYLAND,2020,2,
WILL JAWANDO FOR MARYLAND,2022,2,
WILL JAWANDO FOR MARYLAND,2024,2,
AMERICA VOTES ACTION FUND,2016,1,
AMERICA VOTES ACTION FUND,2018,1,
AMERICA VOTES ACTION FUND,2020,1,
AMERICA VOTES ACTION FUND,2022,1,
AMERICA VOTES ACTION FUND,2024,1,
AMERICAN ETHIOPIAN PUBLIC AFFAIRS COMMITTEE,2016,1,
AMERICAN ETHIOPIAN PUBLIC AFFAIRS COMMITTEE,2018,1,
AMERICAN ETHIOPIAN PUBLIC AFFAIRS COMMITTEE,2020,1,
AMERICAN ETHIOPIAN PUBLIC AFFAIRS COMMITTEE,2022,1,
AMERICAN ETHIOPIAN PUBLIC AFFAIRS COMMITTEE,2024,1,
AMERICAN POSSIBILITIES PAC,2016,1,
AMERICAN POSSIBILITIES PAC,2018,1,
AMERICAN POSSIBILITIES PAC,2020,1,
AMERICAN POSSIBILITIES PAC,2022,1,
AMERICAN POSSIBILITIES PAC,2024,1,
AMY MCGRATH FOR CONGRESS,2016,1,
AMY MCGRATH FOR CONGRESS,2018,1,
AMY MCGRATH FOR CONGRESS,2020,1,
AMY MCGRATH FOR CONGRESS,2022,1,
AMY MCGRATH FOR CONGRESS,2024,1,
ANDY HARRIS FOR CONGRESS,2016,1,
ANDY HARRIS FOR CONGRESS,2018,1,
ANDY HARRIS FOR CONGRESS,2020,1,
ANDY HARRIS FOR CONGRESS,2022,1,
ANDY HARRIS FOR CONGRESS,2024,1,
ANDY KIM FOR NEW JERSEY,2016,1,
ANDY KIM FOR NEW JERSEY,2018,1,
ANDY KIM FOR NEW JERSEY,2020,1,
ANDY KIM FOR NEW JERSEY,2022,1,
ANDY KIM FOR NEW JERSEY,2024,1,
BARBARA LEE FOR US SENATE,2016,1,
BARBARA LEE FOR US SENATE,2018,1,
BARBARA LEE FOR US SENATE,2020,1,
BARBARA LEE FOR US SENATE,2022,1,
BARBARA LEE FOR US SENATE,2024,1,
BERGMANN FOR CONGRESS CAMPAIGN,2016,1,
BERGMANN FOR CONGRESS CAMPAIGN,2018,1,
BERGMANN FOR CONGRESS CAMPAIGN,2020,1,
BERGMANN FOR CONGRESS CAMPAIGN,2022,1,
BERGMANN FOR CONGRESS CAMPAIGN,2024,1,
BLUE VICTORY FUND PAC,2016,1,
BLUE VICTORY FUND PAC,2018,1,
BLUE VICTORY FUND PAC,2020,1,
BLUE VICTORY FUND PAC,2022,1,
BLUE VICTORY FUND PAC,2024,1,
BOB CASEY FOR SENATE INC,2016,1,
BOB CASEY FOR SENATE INC,2018,1,
BOB CASEY FOR SENATE INC,2020,1,
BOB CASEY FOR SENATE INC,2022,1,
BOB CASEY FOR SENATE INC,2024,1,
BOOKER FOR KENTUCKY,2016,1,
BOOKER FOR KENTUCKY,2018,1,
BOOKER FOR KENTUCKY,2020,1,
BOOKER FOR KENTUCKY,2022,1,
BOOKER FOR KENTUCKY,2024,1,
"BOOKER FOR THE PEOPLE, LTD",2016,1,
"BOOKER FOR THE PEOPLE, LTD",2018,1,
"BOOKER FOR THE PEOPLE, LTD",2020,1,
"BOOKER FOR THE PEOPLE, LTD",2022,1,
"BOOKER FOR THE PEOPLE, LTD",2024,1,
BOWMAN FOR CONGRESS,2016,1,
BOWMAN FOR CONGRESS,2018,1,
BOWMAN FOR CONGRESS,2020,1,
BOWMAN FOR CONGRESS,2022,1,
BOWMAN FOR CONGRESS,2024,1,
BULLOCK FOR PRESIDENT,2016,1,
BULLOCK FOR PRESIDENT,2018,1,
BULLOCK FOR PRESIDENT,2020,1,
BULLOCK FOR PRESIDENT,2022,1,
BULLOCK FOR PRESIDENT,2024,1,
CAL FOR NC,2016,1,
CAL FOR NC,2018,1,
CAL FOR NC,2020,1,
CAL FOR NC,2022,1,
CAL FOR NC,2024,1,
CAP-PAC SEPARATE SEGREGATED FUND OF THE NATIONAL COMMUNITY ACTION FOUNDATION INC,2016,1,
CAP-PAC SEPARATE SEGREGATED FUND OF THE NATIONAL COMMUNITY ACTION FOUNDATION INC,2018,1,
CAP-PAC SEPARATE SEGREGATED FUND OF THE NATIONAL COMMUNITY ACTION FOUNDATION INC,2020,1,
CAP-PAC SEPARATE SEGREGATED FUND OF THE NATIONAL COMMUNITY ACTION FOUNDATION INC,2022,1,
CAP-PAC SEPARATE SEGREGATED FUND OF THE NATIONAL COMMUNITY ACTION FOUNDATION INC,2024,1,
CARAVEO FOR CONGRESS,2016,1,
CARAVEO FOR CONGRESS,2018,1,
CARAVEO FOR CONGRESS,2020,1,
CARAVEO FOR CONGRESS,2022,1,
CARAVEO FOR CONGRESS,2024,1,
CATHERINE CORTEZ MASTO FOR SENATE,2016,1,
CATHERINE CORTEZ MASTO FOR SENATE,2018,1,
CATHERINE CORTEZ MASTO FOR SENATE,2020,1,
CATHERINE CORTEZ MASTO FOR SENATE,2022,1,
CATHERINE CORTEZ MASTO FOR SENATE,2024,1,
CATHERINE CORTEZ-MASTO FOR SENATE,2016,1,
CATHERINE CORTEZ-MASTO FOR SENATE,2018,1,
CATHERINE CORTEZ-MASTO FOR SENATE,2020,1,
CATHERINE CORTEZ-MASTO FOR SENATE,2022,1,
CATHERINE CORTEZ-MASTO FOR SENATE,2024,1,
CHRIS DELUZIO FOR CONGRESS,2016,1,
CHRIS DELUZIO FOR CONGRESS,2018,1,
CHRIS DELUZIO FOR CONGRESS,2020,1,
CHRIS DELUZIO FOR CONGRESS,2022,1,
CHRIS DELUZIO FOR CONGRESS,2024,1,
CITIZENS FOR TURNER,2016,1,
CITIZENS FOR TURNER,2018,1,
CITIZENS FOR TURNER,2020,1,
CITIZENS FOR TURNER,2022,1,
CITIZENS FOR TURNER,2024,1,
COLIN BYRD FOR CONGRESS,2016,1,
COLIN BYRD FOR CONGRESS,2018,1,
COLIN BYRD FOR CONGRESS,2020,1,
COLIN BYRD FOR CONGRESS,2022,1,
COLIN BYRD FOR CONGRESS,2024,1,
COLLINS FOR SENATOR,2016,1,
COLLINS FOR SENATOR,2018,1,
COLLINS FOR SENATOR,2020,1,
COLLINS FOR SENATOR,2022,1,
COLLINS FOR SENATOR,2024,1,
COLOROFCHANGE PAC,2016,1,
COLOROFCHANGE PAC,2018,1,
COLOROFCHANGE PAC,2020,1,
COLOROFCHANGE PAC,2022,1,
COLOROFCHANGE PAC,2024,1,
COMMITTEE TO ELECT PAM KEITH,2016,1,
COMMITTEE TO ELECT PAM KEITH,2018,1,
COMMITTEE TO ELECT PAM KEITH,2020,1,
COMMITTEE TO ELECT PAM KEITH,2022,1,
COMMITTEE TO ELECT PAM KEITH,2024,1,
COMMON POWER,2016,1,
COMMON POWER,2018,1,
COMMON POWER,2020,1,
COMMON POWER,2022,1,
COMMON POWER,2024,1,
CONGRESSIONAL PROGRESSIVE CAUCUS PAC,2016,1,
CONGRESSIONAL PROGRESSIVE CAUCUS PAC,2018,1,
CONGRESSIONAL PROGRESSIVE CAUCUS PAC,2020,1,
CONGRESSIONAL PROGRESSIVE CAUCUS PAC,2022,1,
CONGRESSIONAL PROGRESSIVE CAUCUS PAC,2024,1,
CONNOLLY FOR CONGRESS,2016,1,
CONNOLLY FOR CONGRESS,2018,1,
CONNOLLY FOR CONGRESS,2020,1,
CONNOLLY FOR CONGRESS,2022,1,
CONNOLLY FOR CONGRESS,2024,1,
CONOLE FOR CONGRESS,2016,1,
CONOLE FOR CONGRESS,2018,1,
CONOLE FOR CONGRESS,2020,1,
CONOLE FOR CONGRESS,2022,1,
CONOLE FOR CONGRESS,2024,1,
CORI BUSH FOR CONGRESS,2016,1,
CORI BUSH FOR CONGRESS,2018,1,
CORI BUSH FOR CONGRESS,2020,1,
CORI BUSH FOR CONGRESS,2022,1,
CORI BUSH FOR CONGRESS,2024,1,
COUNCIL FOR A LIVABLE WORLD CANDIDATE FUND,2016,1,
COUNCIL FOR A LIVABLE WORLD CANDIDATE FUND,2018,1,
COUNCIL FOR A LIVABLE WORLD CANDIDATE FUND,2020,1,
COUNCIL FOR A LIVABLE WORLD CANDIDATE FUND,2022,1,
COUNCIL FOR A LIVABLE WORLD CANDIDATE FUND,2024,1,
DAN COX FOR CONGRESS,2016,1,
DAN COX FOR CONGRESS,2018,1,
DAN COX FOR CONGRESS,2020,1,
DAN COX FOR CONGRESS,2022,1,
DAN COX FOR CONGRESS,2024,1,
"DAN COX FOR CONGRESS, INC.",2016,1,
"DAN COX FOR CONGRESS, INC.",2018,1,
"DAN COX FOR CONGRESS, INC.",2020,1,
"DAN COX FOR CONGRESS, INC.",2022,1,
"DAN COX FOR CONGRESS, INC.",2024,1,
"DEFEND FREEDOM, INC.",2016,1,
"DEFEND FREEDOM, INC.",2018,1,
"DEFEND FREEDOM, INC.",2020,1,
"DEFEND FREEDOM, INC.",2022,1,
"DEFEND FREEDOM, INC.",2024,1,
DEM TURNOUT 2024,2016,1,
DEM TURNOUT 2024,2018,1,
DEM TURNOUT 2024,2020,1,
DEM TURNOUT 2024,2022,1,
DEM TURNOUT 2024,2024,1,
DEMOCRACY FOR AMERICA,2016,1,
DEMOCRACY FOR AMERICA,2018,1,
DEMOCRACY FOR AMERICA,2020,1,
DEMOCRACY FOR AMERICA,2022,1,
DEMOCRACY FOR AMERICA,2024,1,
DEMOCRATIC HOPE FUND,2016,1,
DEMOCRATIC HOPE FUND,2018,1,
DEMOCRATIC HOPE FUND,2020,1,
DEMOCRATIC HOPE FUND,2022,1,
DEMOCRATIC HOPE FUND,2024,1,
"DEMOCRATIC POWER, INC.",2016,1,
"DEMOCRATIC POWER, INC.",2018,1,
"DEMOCRATIC POWER, INC.",2020,1,
"DEMOCRATIC POWER, INC.",2022,1,
"DEMOCRATIC POWER, INC.",2024,1,
DEMOCRATS UNITED,2016,1,
DEMOCRATS UNITED,2018,1,
DEMOCRATS UNITED,2020,1,
DEMOCRATS UNITED,2022,1,
DEMOCRATS UNITED,2024,1,
DLCC PAC,2016,1,
DLCC PAC,2018,1,
DLCC PAC,2020,1,
DLCC PAC,2022,1,
DLCC PAC,2024,1,
"DONALD J. TRUMP FOR PRESIDENT 2024, INC.",2016,1,
"DONALD J. TRUMP FOR PRESIDENT 2024, INC.",2018,1,
"DONALD J. TRUMP FOR PRESIDENT 2024, INC.",2020,1,
"DONALD J. TRUMP FOR PRESIDENT 2024, INC.",2022,1,
"DONALD J. TRUMP FOR PRESIDENT 2024, INC.",2024,1,
DR. CAMERON WEBB FOR CONGRESS,2016,1,
DR. CAMERON WEBB FOR CONGRESS,2018,1,
DR. CAMERON WEBB FOR CONGRESS,2020,1,
DR. CAMERON WEBB FOR CONGRESS,2022,1,
DR. CAMERON WEBB FOR CONGRESS,2024,1,
EDF ACTION VOTES,2016,1,
EDF ACTION VOTES,2018,1,
EDF ACTION VOTES,2020,1,
EDF ACTION VOTES,2022,1,
EDF ACTION VOTES,2024,1,
ELISE FOR CONGRESS,2016,1,
ELISE FOR CONGRESS,2018,1,
ELISE FOR CONGRESS,2020,1,
ELISE FOR CONGRESS,2022,1,
ELISE FOR CONGRESS,2024,1,
EMILIA SYKES FOR CONGRESS,2016,1,
EMILIA SYKES FOR CONGRESS,2018,1,
EMILIA SYKES FOR CONGRESS,2020,1,
EMILIA SYKES FOR CONGRESS,2022,1,
EMILIA SYKES FOR CONGRESS,2024,1,
EQUALITY PAC,2016,1,
EQUALITY PAC,2018,1,
EQUALITY PAC,2020,1,
EQUALITY PAC,2022,1,
EQUALITY PAC,2024,1,
ERIC SORENSEN FOR ILLINOIS,2016,1,
ERIC SORENSEN FOR ILLINOIS,2018,1,
ERIC SORENSEN FOR ILLINOIS,2020,1,
ERIC SORENSEN FOR ILLINOIS,2022,1,
ERIC SORENSEN FOR ILLINOIS,2024,1,
EVERYDISTRICT,2016,1,
EVERYDISTRICT,2018,1,
EVERYDISTRICT,2020,1,
EVERYDISTRICT,2022,1,
EVERYDISTRICT,2024,1,
FLIP THE SENATE PAC,2016,1,
FLIP THE SENATE PAC,2018,1,
FLIP THE SENATE PAC,2020,1,
FLIP THE SENATE PAC,2022,1,
FLIP THE SENATE PAC,2024,1,
FOR THE MANY ACTION,2016,1,
FOR THE MANY ACTION,2018,1,
FOR THE MANY ACTION,2020,1,
FOR THE MANY ACTION,2022,1,
FOR THE MANY ACTION,2024,1,
FORWARD BLUE,2016,1,
FORWARD BLUE,2018,1,
FORWARD BLUE,2020,1,
FORWARD BLUE,2022,1,
FORWARD BLUE,2024,1,
FRIENDS OF ANDREW YANG,2016,1,
FRIENDS OF ANDREW YANG,2018,1,
FRIENDS OF ANDREW YANG,2020,1,
FRIENDS OF ANDREW YANG,2022,1,
FRIENDS OF ANDREW YANG,2024,1,
FRIENDS OF MARK WARNER,2016,1,
FRIENDS OF MARK WARNER,2018,1,
FRIENDS OF MARK WARNER,2020,1,
FRIENDS OF MARK WARNER,2022,1,
FRIENDS OF MARK WARNER,2024,1,
FRIENDS OF RAJA FOR CONGRESS,2016,1,
FRIENDS OF RAJA FOR CONGRESS,2018,1,
FRIENDS OF RAJA FOR CONGRESS,2020,1,
FRIENDS OF RAJA FOR CONGRESS,2022,1,
FRIENDS OF RAJA FOR CONGRESS,2024,1,
GEORGIA FEDERAL ELECTIONS COMMITTEE,2016,1,
GEORGIA FEDERAL ELECTIONS COMMITTEE,2018,1,
GEORGIA FEDERAL ELECTIONS COMMITTEE,2020,1,
GEORGIA FEDERAL ELECTIONS COMMITTEE,2022,1,
GEORGIA FEDERAL ELECTIONS COMMITTEE,2024,1,
GEORGIA SENATE VICTORY FUND,2016,1,
GEORGIA SENATE VICTORY FUND,2018,1,
GEORGIA SENATE VICTORY FUND,2020,1,
GEORGIA SENATE VICTORY FUND,2022,1,
GEORGIA SENATE VICTORY FUND,2024,1,
GIFFORDS PAC,2016,1,
GIFFORDS PAC,2018,1,
GIFFORDS PAC,2020,1,
GIFFORDS PAC,2022,1,
GIFFORDS PAC,2024,1,
GRAYPAC,2016,1,
GRAYPAC,2018,1,
GRAYPAC,2020,1,
GRAYPAC,2022,1,
GRAYPAC,2024,1,
HICKENLOOPER FOR COLORADO,2016,1,
HICKENLOOPER FOR COLORADO,2018,1,
HICKENLOOPER FOR COLORADO,2020,1,
HICKENLOOPER FOR COLORADO,2022,1,
HICKENLOOPER FOR COLORADO,2024,1,
HOUSE MAJORITY PAC,2016,1,
HOUSE MAJORITY PAC,2018,1,
HOUSE MAJORITY PAC,2020,1,
HOUSE MAJORITY PAC,2022,1,
HOUSE MAJORITY PAC,2024,1,
HOYER FOR CONGRESS,2016,1,
HOYER FOR CONGRESS,2018,1,
HOYER FOR CONGRESS,2020,1,
HOYER FOR CONGRESS,2022,1,
HOYER FOR CONGRESS,2024,1,
HUCK PAC,2016,1,
HUCK PAC,2018,1,
HUCK PAC,2020,1,
HUCK PAC,2022,1,
HUCK PAC,2024,1,
IRETON FOR CONGRESS,2016,1,
IRETON FOR CONGRESS,2018,1,
IRETON FOR CONGRESS,2020,1,
IRETON FOR CONGRESS,2022,1,
IRETON FOR CONGRESS,2024,1,
JACKSON-US SENATE,2016,1,
JACKSON-US SENATE,2018,1,
JACKSON-US SENATE,2020,1,
JACKSON-US SENATE,2022,1,
JACKSON-US SENATE,2024,1,
"JEB 2016, INC.",2016,1,
"JEB 2016, INC.",2018,1,
"JEB 2016, INC.",2020,1,
"JEB 2016, INC.",2022,1,
"JEB 2016, INC.",2024,1,
JEFF JACKSON FOR CONGRESS,2016,1,
JEFF JACKSON FOR CONGRESS,2018,1,
JEFF JACKSON FOR CONGRESS,2020,1,
JEFF JACKSON FOR CONGRESS,2022,1,
JEFF JACKSON FOR CONGRESS,2024,1,
"JOHN JAMES FOR CONGRESS, INC.",2016,1,
"JOHN JAMES FOR CONGRESS, INC.",2018,1,
"JOHN JAMES FOR CONGRESS, INC.",2020,1,
"JOHN JAMES FOR CONGRESS, INC.",2022,1,
"JOHN JAMES FOR CONGRESS, INC.",2024,1,
JOHN KENNEDY FOR US,2016,1,
JOHN KENNEDY FOR US,2018,1,
JOHN KENNEDY FOR US,2020,1,
JOHN KENNEDY FOR US,2022,1,
JOHN KENNEDY FOR US,2024,1,
JOHNNY O FOR CONGRESS,2016,1,
JOHNNY O FOR CONGRESS,2018,1,
JOHNNY O FOR CONGRESS,2020,1,
JOHNNY O FOR CONGRESS,2022,1,
JOHNNY O FOR CONGRESS,2024,1,
JON HOADLEY FOR CONGRESS,2016,1,
JON HOADLEY FOR CONGRESS,2018,1,
JON HOADLEY FOR CONGRESS,2020,1,
JON HOADLEY FOR CONGRESS,2022,1,
JON HOADLEY FOR CONGRESS,2024,1,
JONATHAN JACKSON FOR CONGRESS,2016,1,
JONATHAN JACKSON FOR CONGRESS,2018,1,
JONATHAN JACKSON FOR CONGRESS,2020,1,
JONATHAN JACKSON FOR CONGRESS,2022,1,
JONATHAN JACKSON FOR CONGRESS,2024,1,
JONI FOR IOWA,2016,1,
JONI FOR IOWA,2018,1,
JONI FOR IOWA,2020,1,
JONI FOR IOWA,2022,1,
JONI FOR IOWA,2024,1,
JOSELINE PENA-MELNYK FOR CONGRESS,2016,1,
JOSELINE PENA-MELNYK FOR CONGRESS,2018,1,
JOSELINE PENA-MELNYK FOR CONGRESS,2020,1,
JOSELINE PENA-MELNYK FOR CONGRESS,2022,1,
JOSELINE PENA-MELNYK FOR CONGRESS,2024,1,
JOSH RILEY FOR CONGRESS,2016,1,
JOSH RILEY FOR CONGRESS,2018,1,
JOSH RILEY FOR CONGRESS,2020,1,
JOSH RILEY FOR CONGRESS,2022,1,
JOSH RILEY FOR CONGRESS,2024,1,
JSTREETPAC,2016,1,
JSTREETPAC,2018,1,
JSTREETPAC,2020,1,
JSTREETPAC,2022,1,
JSTREETPAC,2024,1,
KENTUCKY STATE DEMOCRATIC CENTRAL EXECUTIVE COMMITTEE,2016,1,
KENTUCKY STATE DEMOCRATIC CENTRAL EXECUTIVE COMMITTEE,2018,1,
KENTUCKY STATE DEMOCRATIC CENTRAL EXECUTIVE COMMITTEE,2020,1,
KENTUCKY STATE DEMOCRATIC CENTRAL EXECUTIVE COMMITTEE,2022,1,
KENTUCKY STATE DEMOCRATIC CENTRAL EXECUTIVE COMMITTEE,2024,1,
KEVIN MCCARTHY FOR CONGRESS,2016,1,
KEVIN MCCARTHY FOR CONGRESS,2018,1,
KEVIN MCCARTHY FOR CONGRESS,2020,1,
KEVIN MCCARTHY FOR CONGRESS,2022,1,
KEVIN MCCARTHY FOR CONGRESS,2024,1,
LAW ENFORCEMENT FOR A SAFER AMERICA PAC,2016,1,
LAW ENFORCEMENT FOR A SAFER AMERICA PAC,2018,1,
LAW ENFORCEMENT FOR A SAFER AMERICA PAC,2020,1,
LAW ENFORCEMENT FOR A SAFER AMERICA PAC,2022,1,
LAW ENFORCEMENT FOR A SAFER AMERICA PAC,2024,1,
LET AMERICA VOTE PAC,2016,1,
LET AMERICA VOTE PAC,2018,1,
LET AMERICA VOTE PAC,2020,1,
LET AMERICA VOTE PAC,2022,1,
LET AMERICA VOTE PAC,2024,1,
LEVELL FOR A BETTER AMERICA INC,2016,1,
LEVELL FOR A BETTER AMERICA INC,2018,1,
LEVELL FOR A BETTER AMERICA INC,2020,1,
LEVELL FOR A BETTER AMERICA INC,2022,1,
LEVELL FOR A BETTER AMERICA INC,2024,1,
LYNDON LAROUCHE POLITICAL ACTION COMMITTEE,2016,1,
LYNDON LAROUCHE POLITICAL ACTION COMMITTEE,2018,1,
LYNDON LAROUCHE POLITICAL ACTION COMMITTEE,2020,1,
LYNDON LAROUCHE POLITICAL ACTION COMMITTEE,2022,1,
LYNDON LAROUCHE POLITICAL ACTION COMMITTEE,2024,1,
MAGGIE FOR NH,2016,1,
MAGGIE FOR NH,2018,1,
MAGGIE FOR NH,2020,1,
MAGGIE FOR NH,2022,1,
MAGGIE FOR NH,2024,1,
MAKE DC LISTEN,2016,1,
MAKE DC LISTEN,2018,1,
MAKE DC LISTEN,2020,1,
MAKE DC LISTEN,2022,1,
MAKE DC LISTEN,2024,1,
MARCO RUBIO FOR SENATE 2016,2016,1,
MARCO RUBIO FOR SENATE 2016,2018,1,
MARCO RUBIO FOR SENATE 2016,2020,1,
MARCO RUBIO FOR SENATE 2016,2022,1,
MARCO RUBIO FOR SENATE 2016,2024,1,
MARK FOR MARYLAND,2016,1,
MARK FOR MARYLAND,2018,1,
MARK FOR MARYLAND,2020,1,
MARK FOR MARYLAND,2022,1,
MARK FOR MARYLAND,2024,1,
MATT ROSENDALE FOR MONTANA,2016,1,
MATT ROSENDALE FOR MONTANA,2018,1,
MATT ROSENDALE FOR MONTANA,2020,1,
MATT ROSENDALE FOR MONTANA,2022,1,
MATT ROSENDALE FOR MONTANA,2024,1,
MAYA R. CUMMINGS FOR CONGRESS,2016,1,
MAYA R. CUMMINGS FOR CONGRESS,2018,1,
MAYA R. CUMMINGS FOR CONGRESS,2020,1,
MAYA R. CUMMINGS FOR CONGRESS,2022,1,
MAYA R. CUMMINGS FOR CONGRESS,2024,1,
MCBRIDE FOR DELAWARE INC.,2016,1,
MCBRIDE FOR DELAWARE INC.,2018,1,
MCBRIDE FOR DELAWARE INC.,2020,1,
MCBRIDE FOR DELAWARE INC.,2022,1,
MCBRIDE FOR DELAWARE INC.,2024,1,
MCCASKILL FOR MISSOURI,2016,1,
MCCASKILL FOR MISSOURI,2018,1,
MCCASKILL FOR MISSOURI,2020,1,
MCCASKILL FOR MISSOURI,2022,1,
MCCASKILL FOR MISSOURI,2024,1,
MCCORKLE FOR COLORADO,2016,1,
MCCORKLE FOR COLORADO,2018,1,
MCCORKLE FOR COLORADO,2020,1,
MCCORKLE FOR COLORADO,2022,1,
MCCORKLE FOR COLORADO,2024,1,
MCCREADY FOR CONGRESS,2016,1,
MCCREADY FOR CONGRESS,2018,1,
MCCREADY FOR CONGRESS,2020,1,
MCCREADY FOR CONGRESS,2022,1,
MCCREADY FOR CONGRESS,2024,1,
MCKAYLA WILKES FOR CONGRESS,2016,1,
MCKAYLA WILKES FOR CONGRESS,2018,1,
MCKAYLA WILKES FOR CONGRESS,2020,1,
MCKAYLA WILKES FOR CONGRESS,2022,1,
MCKAYLA WILKES FOR CONGRESS,2024,1,
MICHAEL BLAKE FOR CONGRESS,2016,1,
MICHAEL BLAKE FOR CONGRESS,2018,1,
MICHAEL BLAKE FOR CONGRESS,2020,1,
MICHAEL BLAKE FOR CONGRESS,2022,1,
MICHAEL BLAKE FOR CONGRESS,2024,1,
MONTANANS FOR BULLOCK,2016,1,
MONTANANS FOR BULLOCK,2018,1,
MONTANANS FOR BULLOCK,2020,1,
MONTANANS FOR BULLOCK,2022,1,
MONTANANS FOR BULLOCK,2024,1,
MONTANANS FOR TESTER,2016,1,
MONTANANS FOR TESTER,2018,1,
MONTANANS FOR TESTER,2020,1,
MONTANANS FOR TESTER,2022,1,
MONTANANS FOR TESTER,2024,1,
MONTGOMERY COUNTY DEMOCRATIC CENTRAL COMMITTEE,2016,1,
MONTGOMERY COUNTY DEMOCRATIC CENTRAL COMMITTEE,2018,1,
MONTGOMERY COUNTY DEMOCRATIC CENTRAL COMMITTEE,2020,1,
MONTGOMERY COUNTY DEMOCRATIC CENTRAL COMMITTEE,2022,1,
MONTGOMERY COUNTY DEMOCRATIC CENTRAL COMMITTEE,2024,1,
NANCY PELOSI FOR CONGRESS,2016,1,
NANCY PELOSI FOR CONGRESS,2018,1,
NANCY PELOSI FOR CONGRESS,2020,1,
NANCY PELOSI FOR CONGRESS,2022,1,
NANCY PELOSI FOR CONGRESS,2024,1,
NDTC,2016,1,
NDTC,2018,1,
NDTC,2020,1,
NDTC,2022,1,
NDTC,2024,1,
NEMBHARD FOR CONGRESS,2016,1,
NEMBHARD FOR CONGRESS,2018,1,
NEMBHARD FOR CONGRESS,2020,1,
NEMBHARD FOR CONGRESS,2022,1,
NEMBHARD FOR CONGRESS,2024,1,
NEW CONGRESS FUND,2016,1,
NEW CONGRESS FUND,2018,1,
NEW CONGRESS FUND,2020,1,
NEW CONGRESS FUND,2022,1,
NEW CONGRESS FUND,2024,1,
NEW NATION RISING,2016,1,
NEW NATION RISING,2018,1,
NEW NATION RISING,2020,1,
NEW NATION RISING,2022,1,
NEW NATION RISING,2024,1,
OBAMA FOR AMERICA,2016,1,
OBAMA FOR AMERICA,2018,1,
OBAMA FOR AMERICA,2020,1,
OBAMA FOR AMERICA,2022,1,
OBAMA FOR AMERICA,2024,1,
OUR BLACK PARTY,2016,1,
OUR BLACK PARTY,2018,1,
OUR BLACK PARTY,2020,1,
OUR BLACK PARTY,2022,1,
OUR BLACK PARTY,2024,1,
PAF,2016,1,
PAF,2018,1,
PAF,2020,1,
PAF,2022,1,
PAF,2024,1,
PATTY JUDGE FOR IOWA,2016,1,
PATTY JUDGE FOR IOWA,2018,1,
PATTY JUDGE FOR IOWA,2020,1,
PATTY JUDGE FOR IOWA,2022,1,
PATTY JUDGE FOR IOWA,2024,1,
PEOPLE POWERED ACTION,2016,1,
PEOPLE POWERED ACTION,2018,1,
PEOPLE POWERED ACTION,2020,1,
PEOPLE POWERED ACTION,2022,1,
PEOPLE POWERED ACTION,2024,1,
PERDUE FOR SENATE,2016,1,
PERDUE FOR SENATE,2018,1,
PERDUE FOR SENATE,2020,1,
PERDUE FOR SENATE,2022,1,
PERDUE FOR SENATE,2024,1,
PERKINS FOR LOUISIANA,2016,1,
PERKINS FOR LOUISIANA,2018,1,
PERKINS FOR LOUISIANA,2020,1,
PERKINS FOR LOUISIANA,2022,1,
PERKINS FOR LOUISIANA,2024,1,
POLICE COALITION OF AMERICA PAC,2016,1,
POLICE COALITION OF AMERICA PAC,2018,1,
POLICE COALITION OF AMERICA PAC,2020,1,
POLICE COALITION OF AMERICA PAC,2022,1,
POLICE COALITION OF AMERICA PAC,2024,1,
POLIQUIN FOR CONGRESS,2016,1,
POLIQUIN FOR CONGRESS,2018,1,
POLIQUIN FOR CONGRESS,2020,1,
POLIQUIN FOR CONGRESS,2022,1,
POLIQUIN FOR CONGRESS,2024,1,
PROGRESSIVE TAKEOVER,2016,1,
PROGRESSIVE TAKEOVER,2018,1,
PROGRESSIVE TAKEOVER,2020,1,
PROGRESSIVE TAKEOVER,2022,1,
PROGRESSIVE TAKEOVER,2024,1,
PULLEN FOR US,2016,1,
PULLEN FOR US,2018,1,
PULLEN FOR US,2020,1,
PULLEN FOR US,2022,1,
PULLEN FOR US,2024,1,
RENACCI FOR US SENATE,2016,1,
RENACCI FOR US SENATE,2018,1,
RENACCI FOR US SENATE,2020,1,
RENACCI FOR US SENATE,2022,1,
RENACCI FOR US SENATE,2024,1,
RON DESANTIS FOR FLORIDA,2016,1,
RON DESANTIS FOR FLORIDA,2018,1,
RON DESANTIS FOR FLORIDA,2020,1,
RON DESANTIS FOR FLORIDA,2022,1,
RON DESANTIS FOR FLORIDA,2024,1,
SAAFIR FOR CONGRESS,2016,1,
SAAFIR FOR CONGRESS,2018,1,
SAAFIR FOR CONGRESS,2020,1,
SAAFIR FOR CONGRESS,2022,1,
SAAFIR FOR CONGRESS,2024,1,
SANFORD BISHOP FOR CONGRESS,2016,1,
SANFORD BISHOP FOR CONGRESS,2018,1,
SANFORD BISHOP FOR CONGRESS,2020,1,
SANFORD BISHOP FOR CONGRESS,2022,1,
SANFORD BISHOP FOR CONGRESS,2024,1,
SAYLES FOR US,2016,1,
SAYLES FOR US,2018,1,
SAYLES FOR US,2020,1,
SAYLES FOR US,2022,1,
SAYLES FOR US,2024,1,
SCHIFF FOR CONGRESS,2016,1,
SCHIFF FOR CONGRESS,2018,1,
SCHIFF FOR CONGRESS,2020,1,
SCHIFF FOR CONGRESS,2022,1,
SCHIFF FOR CONGRESS,2024,1,
SCHIFF FOR SENATE,2016,1,
SCHIFF FOR SENATE,2018,1,
SCHIFF FOR SENATE,2020,1,
SCHIFF FOR SENATE,2022,1,
SCHIFF FOR SENATE,2024,1,
SHAHEEN FOR SENATE,2016,1,
SHAHEEN FOR SENATE,2018,1,
SHAHEEN FOR SENATE,2020,1,
SHAHEEN FOR SENATE,2022,1,
SHAHEEN FOR SENATE,2024,1,
"SHEILA CHERFILUS MCCORMICK FOR CONGRESS, INC",2016,1,
"SHEILA CHERFILUS MCCORMICK FOR CONGRESS, INC",2018,1,
"SHEILA CHERFILUS MCCORMICK FOR CONGRESS, INC",2020,1,
"SHEILA CHERFILUS MCCORMICK FOR CONGRESS, INC",2022,1,
"SHEILA CHERFILUS MCCORMICK FOR CONGRESS, INC",2024,1,
SOCIALLY RESPONSIBLE GOVERNMENT,2016,1,
SOCIALLY RESPONSIBLE GOVERNMENT,2018,1,
SOCIALLY RESPONSIBLE GOVERNMENT,2020,1,
SOCIALLY RESPONSIBLE GOVERNMENT,2022,1,
SOCIALLY RESPONSIBLE GOVERNMENT,2024,1,
SPANBERGER FOR CONGRESS,2016,1,
SPANBERGER FOR CONGRESS,2018,1,
SPANBERGER FOR CONGRESS,2020,1,
SPANBERGER FOR CONGRESS,2022,1,
SPANBERGER FOR CONGRESS,2024,1,
STABENOW FOR US SENATE,2016,1,
STABENOW FOR US SENATE,2018,1,
STABENOW FOR US SENATE,2020,1,
STABENOW FOR US SENATE,2022,1,
STABENOW FOR US SENATE,2024,1,
STEVE IRWIN FOR CONGRESS,2016,1,
STEVE IRWIN FOR CONGRESS,2018,1,
STEVE IRWIN FOR CONGRESS,2020,1,
STEVE IRWIN FOR CONGRESS,2022,1,
STEVE IRWIN FOR CONGRESS,2024,1,
SUOZZI FOR CONGRESS,2016,1,
SUOZZI FOR CONGRESS,2018,1,
SUOZZI FOR CONGRESS,2020,1,
SUOZZI FOR CONGRESS,2022,1,
SUOZZI FOR CONGRESS,2024,1,
TAMMY FOR ILLINOIS,2016,1,
TAMMY FOR ILLINOIS,2018,1,
TAMMY FOR ILLINOIS,2020,1,
TAMMY FOR ILLINOIS,2022,1,
TAMMY FOR ILLINOIS,2024,1,
"TEAM GRAHAM, INC.",2016,1,
"TEAM GRAHAM, INC.",2018,1,
"TEAM GRAHAM, INC.",2020,1,
"TEAM GRAHAM, INC.",2022,1,
"TEAM GRAHAM, INC.",2024,1,
TERRI HILL FOR CONGRESS,2016,1,
TERRI HILL FOR CONGRESS,2018,1,
TERRI HILL FOR CONGRESS,2020,1,
TERRI HILL FOR CONGRESS,2022,1,
TERRI HILL FOR CONGRESS,2024,1,
THE 2016 COMMITTEE,2016,1,
THE 2016 COMMITTEE,2018,1,
THE 2016 COMMITTEE,2020,1,
THE 2016 COMMITTEE,2022,1,
THE 2016 COMMITTEE,2024,1,
THERESA GREENFIELD FOR IOWA,2016,1,
THERESA GREENFIELD FOR IOWA,2018,1,
THERESA GREENFIELD FOR IOWA,2020,1,
THERESA GREENFIELD FOR IOWA,2022,1,
THERESA GREENFIELD FOR IOWA,2024,1,
TINA FORTE FOR CONGRESS,2016,1,
TINA FORTE FOR CONGRESS,2018,1,
TINA FORTE FOR CONGRESS,2020,1,
TINA FORTE FOR CONGRESS,2022,1,
TINA FORTE FOR CONGRESS,2024,1,
TOM ROYALS FOR CONGRESS,2016,1,
TOM ROYALS FOR CONGRESS,2018,1,
TOM ROYALS FOR CONGRESS,2020,1,
TOM ROYALS FOR CONGRESS,2022,1,
TOM ROYALS FOR CONGRESS,2024,1,
"TRUMP 47 COMMITTEE, INC.",2016,1,
"TRUMP 47 COMMITTEE, INC.",2018,1,
"TRUMP 47 COMMITTEE, INC.",2020,1,
"TRUMP 47 COMMITTEE, INC.",2022,1,
"TRUMP 47 COMMITTEE, INC.",2024,1,
TULSI ALOHA,2016,1,
TULSI ALOHA,2018,1,
TULSI ALOHA,2020,1,
TULSI ALOHA,2022,1,
TULSI ALOHA,2024,1,
UNITED WITH DELIA FOR CONGRESS,2016,1,
UNITED WITH DELIA FOR CONGRESS,2018,1,
UNITED WITH DELIA FOR CONGRESS,2020,1,
UNITED WITH DELIA FOR CONGRESS,2022,1,
UNITED WITH DELIA FOR CONGRESS,2024,1,
VOTE SAVE AMERICA,2016,1,
VOTE SAVE AMERICA,2018,1,
VOTE SAVE AMERICA,2020,1,
VOTE SAVE AMERICA,2022,1,
VOTE SAVE AMERICA,2024,1,
"WARREN DEMOCRATS, INC.",2016,1,
"WARREN DEMOCRATS, INC.",2018,1,
"WARREN DEMOCRATS, INC.",2020,1,
"WARREN DEMOCRATS, INC.",2022,1,
"WARREN DEMOCRATS, INC.",2024,1,
WILEY NICKEL FOR CONGRESS,2016,1,
WILEY NICKEL FOR CONGRESS,2018,1,
WILEY NICKEL FOR CONGRESS,2020,1,
WILEY NICKEL FOR CONGRESS,2022,1,
WILEY NICKEL FOR CONGRESS,2024,1,
WILL ROLLINS FOR CONGRESS,2016,1,
WILL ROLLINS FOR CONGRESS,2018,1,
WILL ROLLINS FOR CONGRESS,2020,1,
WILL ROLLINS FOR CONGRESS,2022,1,
WILL ROLLINS FOR CONGRESS,2024,1,
YURIPZY MORGAN FOR CONGRESS,2016,1,
YURIPZY MORGAN FOR CONGRESS,2018,1,
YURIPZY MORGAN FOR CONGRESS,2020,1,
YURIPZY MORGAN FOR CONGRESS,2022,1,
YURIPZY MORGAN FOR CONGRESS,2024,1,